family,corpus,engine,query_id,intent,style,hit1,hit3,tokens_to_locate,latency_ms,status
contest-sqli,contest-find-sqli-login,read-all,csqli-find-01,locate-vuln,nl,True,True,4948,0.2,read 14 file(s)
contest-sqli,contest-find-sqli-login,rg,csqli-find-01,locate-vuln,nl,False,False,,4.9,no-match
contest-sqli,contest-find-sqli-login,sifs,csqli-find-01,locate-vuln,nl,True,True,256,9.6,ok
contest-sqli,contest-find-sqli-login,read-all,csqli-find-02,locate-vuln,nl,True,True,4948,0.2,read 14 file(s)
contest-sqli,contest-find-sqli-login,rg,csqli-find-02,locate-vuln,nl,False,False,,3.9,no-match
contest-sqli,contest-find-sqli-login,sifs,csqli-find-02,locate-vuln,nl,False,False,,6.6,ok
contest-sqli,contest-find-sqli-login,read-all,csqli-find-03,navigate,nl,True,True,4948,0.2,read 14 file(s)
contest-sqli,contest-find-sqli-login,rg,csqli-find-03,navigate,nl,False,False,,4.0,no-match
contest-sqli,contest-find-sqli-login,sifs,csqli-find-03,navigate,nl,True,True,560,7.1,ok
contest-sqli,contest-find-sqli-login,read-all,csqli-find-04,navigate,nl,True,True,4948,0.2,read 14 file(s)
contest-sqli,contest-find-sqli-login,rg,csqli-find-04,navigate,nl,False,False,,3.9,no-match
contest-sqli,contest-find-sqli-login,sifs,csqli-find-04,navigate,nl,False,False,1418,7.2,ok
contest-sqli,contest-find-sqli-login,read-all,csqli-find-05,locate-vuln,nl,True,True,4948,0.2,read 14 file(s)
contest-sqli,contest-find-sqli-login,rg,csqli-find-05,locate-vuln,nl,False,False,,4.0,no-match
contest-sqli,contest-find-sqli-login,sifs,csqli-find-05,locate-vuln,nl,True,True,383,6.5,ok
contest-sqli,contest-find-sqli-login,read-all,csqli-find-06,navigate,nl,True,True,4948,0.2,read 14 file(s)
contest-sqli,contest-find-sqli-login,rg,csqli-find-06,navigate,nl,False,False,,3.9,no-match
contest-sqli,contest-find-sqli-login,sifs,csqli-find-06,navigate,nl,False,False,,6.2,ok
contest-sqli,contest-find-sqli-login,read-all,csqli-find-kw1,locate-vuln,keyword,True,True,4948,0.2,read 14 file(s)
contest-sqli,contest-find-sqli-login,rg,csqli-find-kw1,locate-vuln,keyword,True,True,115,4.2,ok
contest-sqli,contest-find-sqli-login,sifs,csqli-find-kw1,locate-vuln,keyword,True,True,256,7.0,ok
contest-sqli,contest-find-sqli-login,read-all,csqli-find-kw2,navigate,keyword,True,True,4948,0.2,read 14 file(s)
contest-sqli,contest-find-sqli-login,rg,csqli-find-kw2,navigate,keyword,True,True,92,4.1,ok
contest-sqli,contest-find-sqli-login,sifs,csqli-find-kw2,navigate,keyword,True,True,25,3.2,ok
contest-sqli,contest-find-sqli-login,read-all,csqli-find-kw3,locate-vuln,keyword,True,True,4948,0.2,read 14 file(s)
contest-sqli,contest-find-sqli-login,rg,csqli-find-kw3,locate-vuln,keyword,True,True,122,4.2,ok
contest-sqli,contest-find-sqli-login,sifs,csqli-find-kw3,locate-vuln,keyword,True,True,383,6.8,ok
contest-sqli,contest-fix-sqli-login,read-all,csqli-fixlogin-01,locate-vuln,nl,True,True,4948,0.2,read 14 file(s)
contest-sqli,contest-fix-sqli-login,rg,csqli-fixlogin-01,locate-vuln,nl,False,False,,4.0,no-match
contest-sqli,contest-fix-sqli-login,sifs,csqli-fixlogin-01,locate-vuln,nl,False,False,1059,7.1,ok
contest-sqli,contest-fix-sqli-login,read-all,csqli-fixlogin-02,locate-vuln,nl,True,True,4948,0.2,read 14 file(s)
contest-sqli,contest-fix-sqli-login,rg,csqli-fixlogin-02,locate-vuln,nl,False,False,,3.9,no-match
contest-sqli,contest-fix-sqli-login,sifs,csqli-fixlogin-02,locate-vuln,nl,True,True,256,6.6,ok
contest-sqli,contest-fix-sqli-login,read-all,csqli-fixlogin-03,navigate,nl,True,True,4948,0.2,read 14 file(s)
contest-sqli,contest-fix-sqli-login,rg,csqli-fixlogin-03,navigate,nl,False,False,,4.0,no-match
contest-sqli,contest-fix-sqli-login,sifs,csqli-fixlogin-03,navigate,nl,True,True,383,6.5,ok
contest-sqli,contest-fix-sqli-login,read-all,csqli-fixlogin-04,navigate,nl,True,True,4948,0.2,read 14 file(s)
contest-sqli,contest-fix-sqli-login,rg,csqli-fixlogin-04,navigate,nl,False,False,,4.1,no-match
contest-sqli,contest-fix-sqli-login,sifs,csqli-fixlogin-04,navigate,nl,True,True,463,6.7,ok
contest-sqli,contest-fix-sqli-login,read-all,csqli-fixlogin-kw1,locate-vuln,keyword,True,True,4948,0.2,read 14 file(s)
contest-sqli,contest-fix-sqli-login,rg,csqli-fixlogin-kw1,locate-vuln,keyword,True,True,115,4.1,ok
contest-sqli,contest-fix-sqli-login,sifs,csqli-fixlogin-kw1,locate-vuln,keyword,True,True,256,6.8,ok
contest-sqli,contest-fix-sqli-login,read-all,csqli-fixlogin-kw2,navigate,keyword,True,True,4948,0.2,read 14 file(s)
contest-sqli,contest-fix-sqli-login,rg,csqli-fixlogin-kw2,navigate,keyword,True,True,119,4.0,ok
contest-sqli,contest-fix-sqli-login,sifs,csqli-fixlogin-kw2,navigate,keyword,True,True,463,6.8,ok
contest-sqli,contest-fix-sqli-search,read-all,csqli-fixsearch-01,locate-vuln,nl,True,True,4938,0.2,read 14 file(s)
contest-sqli,contest-fix-sqli-search,rg,csqli-fixsearch-01,locate-vuln,nl,False,False,,4.0,no-match
contest-sqli,contest-fix-sqli-search,sifs,csqli-fixsearch-01,locate-vuln,nl,True,True,166,7.0,ok
contest-sqli,contest-fix-sqli-search,read-all,csqli-fixsearch-02,navigate,nl,True,True,4938,0.2,read 14 file(s)
contest-sqli,contest-fix-sqli-search,rg,csqli-fixsearch-02,navigate,nl,False,False,,3.9,no-match
contest-sqli,contest-fix-sqli-search,sifs,csqli-fixsearch-02,navigate,nl,True,True,166,6.5,ok
contest-sqli,contest-fix-sqli-search,read-all,csqli-fixsearch-03,navigate,nl,True,True,4938,0.2,read 14 file(s)
contest-sqli,contest-fix-sqli-search,rg,csqli-fixsearch-03,navigate,nl,False,False,,3.9,no-match
contest-sqli,contest-fix-sqli-search,sifs,csqli-fixsearch-03,navigate,nl,True,True,139,6.5,ok
contest-sqli,contest-fix-sqli-search,read-all,csqli-fixsearch-kw1,locate-vuln,keyword,True,True,4938,0.2,read 14 file(s)
contest-sqli,contest-fix-sqli-search,rg,csqli-fixsearch-kw1,locate-vuln,keyword,True,True,123,4.1,ok
contest-sqli,contest-fix-sqli-search,sifs,csqli-fixsearch-kw1,locate-vuln,keyword,True,True,166,6.4,ok
seccodebench,seccodebench-cwe89,read-all,sec-cwe89-01,locate-vuln,nl,True,True,409,0.1,read 4 file(s)
seccodebench,seccodebench-cwe89,rg,sec-cwe89-01,locate-vuln,nl,False,False,,4.0,no-match
seccodebench,seccodebench-cwe89,sifs,sec-cwe89-01,locate-vuln,nl,True,True,245,4.0,ok
seccodebench,seccodebench-cwe89,read-all,sec-cwe89-02,locate-vuln,nl,True,True,409,0.1,read 4 file(s)
seccodebench,seccodebench-cwe89,rg,sec-cwe89-02,locate-vuln,nl,False,False,,3.8,no-match
seccodebench,seccodebench-cwe89,sifs,sec-cwe89-02,locate-vuln,nl,True,True,251,4.1,ok
seccodebench,seccodebench-cwe89,read-all,sec-cwe89-03,navigate,nl,True,True,409,0.1,read 4 file(s)
seccodebench,seccodebench-cwe89,rg,sec-cwe89-03,navigate,nl,False,False,,3.9,no-match
seccodebench,seccodebench-cwe89,sifs,sec-cwe89-03,navigate,nl,True,True,171,4.1,ok
seccodebench,seccodebench-cwe89,read-all,sec-cwe89-kw1,locate-vuln,keyword,True,True,409,0.1,read 4 file(s)
seccodebench,seccodebench-cwe89,rg,sec-cwe89-kw1,locate-vuln,keyword,True,True,81,4.0,ok
seccodebench,seccodebench-cwe89,sifs,sec-cwe89-kw1,locate-vuln,keyword,True,True,37,3.3,ok
seccodebench,seccodebench-cwe89,read-all,sec-cwe89-kw2,navigate,keyword,True,True,409,0.1,read 4 file(s)
seccodebench,seccodebench-cwe89,rg,sec-cwe89-kw2,navigate,keyword,False,True,265,4.0,ok
seccodebench,seccodebench-cwe89,sifs,sec-cwe89-kw2,navigate,keyword,True,True,24,3.2,ok
seccodebench,seccodebench-cwe89-sqlite3,read-all,sec-cwe89sql-01,locate-vuln,nl,True,True,513,0.1,read 3 file(s)
seccodebench,seccodebench-cwe89-sqlite3,rg,sec-cwe89sql-01,locate-vuln,nl,False,False,,3.8,no-match
seccodebench,seccodebench-cwe89-sqlite3,sifs,sec-cwe89sql-01,locate-vuln,nl,True,True,181,4.3,ok
seccodebench,seccodebench-cwe89-sqlite3,read-all,sec-cwe89sql-02,locate-vuln,nl,True,True,513,0.1,read 3 file(s)
seccodebench,seccodebench-cwe89-sqlite3,rg,sec-cwe89sql-02,locate-vuln,nl,False,False,,3.8,no-match
seccodebench,seccodebench-cwe89-sqlite3,sifs,sec-cwe89sql-02,locate-vuln,nl,True,True,181,4.3,ok
seccodebench,seccodebench-cwe89-sqlite3,read-all,sec-cwe89sql-kw1,locate-vuln,keyword,True,True,513,0.1,read 3 file(s)
seccodebench,seccodebench-cwe89-sqlite3,rg,sec-cwe89sql-kw1,locate-vuln,keyword,True,True,131,4.0,ok
seccodebench,seccodebench-cwe89-sqlite3,sifs,sec-cwe89sql-kw1,locate-vuln,keyword,True,True,187,4.5,ok
seccodebench,seccodebench-cwe94,read-all,sec-cwe94-01,locate-vuln,nl,True,True,187,0.1,read 2 file(s)
seccodebench,seccodebench-cwe94,rg,sec-cwe94-01,locate-vuln,nl,False,False,,4.1,no-match
seccodebench,seccodebench-cwe94,sifs,sec-cwe94-01,locate-vuln,nl,True,True,261,4.3,ok
seccodebench,seccodebench-cwe94,read-all,sec-cwe94-02,locate-vuln,nl,True,True,187,0.1,read 2 file(s)
seccodebench,seccodebench-cwe94,rg,sec-cwe94-02,locate-vuln,nl,False,False,,4.0,no-match
seccodebench,seccodebench-cwe94,sifs,sec-cwe94-02,locate-vuln,nl,True,True,261,4.2,ok
seccodebench,seccodebench-cwe94,read-all,sec-cwe94-kw1,locate-vuln,keyword,True,True,187,0.1,read 2 file(s)
seccodebench,seccodebench-cwe94,rg,sec-cwe94-kw1,locate-vuln,keyword,True,True,99,4.1,ok
seccodebench,seccodebench-cwe94,sifs,sec-cwe94-kw1,locate-vuln,keyword,True,True,261,4.1,ok
seccodebench,seccodebench-cwe78,read-all,sec-cwe78-01,locate-vuln,nl,True,True,121,0.1,read 2 file(s)
seccodebench,seccodebench-cwe78,rg,sec-cwe78-01,locate-vuln,nl,False,False,,3.9,no-match
seccodebench,seccodebench-cwe78,sifs,sec-cwe78-01,locate-vuln,nl,True,True,150,3.7,ok
seccodebench,seccodebench-cwe78,read-all,sec-cwe78-02,locate-vuln,nl,True,True,121,0.1,read 2 file(s)
seccodebench,seccodebench-cwe78,rg,sec-cwe78-02,locate-vuln,nl,False,False,,3.8,no-match
seccodebench,seccodebench-cwe78,sifs,sec-cwe78-02,locate-vuln,nl,True,True,150,3.8,ok
seccodebench,seccodebench-cwe78,read-all,sec-cwe78-kw1,locate-vuln,keyword,True,True,121,0.1,read 2 file(s)
seccodebench,seccodebench-cwe78,rg,sec-cwe78-kw1,locate-vuln,keyword,True,True,105,4.2,ok
seccodebench,seccodebench-cwe78,sifs,sec-cwe78-kw1,locate-vuln,keyword,True,True,150,4.1,ok
seccodebench,seccodebench-cwe1336,read-all,sec-cwe1336-01,locate-vuln,nl,True,True,92,0.1,read 2 file(s)
seccodebench,seccodebench-cwe1336,rg,sec-cwe1336-01,locate-vuln,nl,False,False,,3.9,no-match
seccodebench,seccodebench-cwe1336,sifs,sec-cwe1336-01,locate-vuln,nl,True,True,148,4.1,ok
seccodebench,seccodebench-cwe1336,read-all,sec-cwe1336-02,locate-vuln,nl,True,True,92,0.1,read 2 file(s)
seccodebench,seccodebench-cwe1336,rg,sec-cwe1336-02,locate-vuln,nl,False,False,,4.0,no-match
seccodebench,seccodebench-cwe1336,sifs,sec-cwe1336-02,locate-vuln,nl,True,True,148,4.3,ok
seccodebench,seccodebench-cwe1336,read-all,sec-cwe1336-kw1,locate-vuln,keyword,True,True,92,0.1,read 2 file(s)
seccodebench,seccodebench-cwe1336,rg,sec-cwe1336-kw1,locate-vuln,keyword,True,True,99,3.9,ok
seccodebench,seccodebench-cwe1336,sifs,sec-cwe1336-kw1,locate-vuln,keyword,True,True,148,3.8,ok
ctf-c,ctf-c,read-all,ctf-c-01,locate-vuln,nl,True,True,2689,0.1,read 17 file(s)
ctf-c,ctf-c,rg,ctf-c-01,locate-vuln,nl,False,False,,3.7,no-match
ctf-c,ctf-c,sifs,ctf-c-01,locate-vuln,nl,False,True,294,5.9,ok
ctf-c,ctf-c,read-all,ctf-c-02,locate-vuln,nl,True,True,2689,0.2,read 17 file(s)
ctf-c,ctf-c,rg,ctf-c-02,locate-vuln,nl,False,False,,4.1,no-match
ctf-c,ctf-c,sifs,ctf-c-02,locate-vuln,nl,True,True,411,6.5,ok
ctf-c,ctf-c,read-all,ctf-c-03,locate-vuln,nl,True,True,2689,0.2,read 17 file(s)
ctf-c,ctf-c,rg,ctf-c-03,locate-vuln,nl,False,False,,4.1,no-match
ctf-c,ctf-c,sifs,ctf-c-03,locate-vuln,nl,True,True,458,6.4,ok
ctf-c,ctf-c,read-all,ctf-c-04,navigate,nl,True,True,2689,0.2,read 17 file(s)
ctf-c,ctf-c,rg,ctf-c-04,navigate,nl,False,False,,4.1,no-match
ctf-c,ctf-c,sifs,ctf-c-04,navigate,nl,False,False,,6.0,ok
ctf-c,ctf-c,read-all,ctf-c-05,navigate,nl,True,True,2689,0.2,read 17 file(s)
ctf-c,ctf-c,rg,ctf-c-05,navigate,nl,False,False,,4.0,no-match
ctf-c,ctf-c,sifs,ctf-c-05,navigate,nl,False,True,296,6.3,ok
ctf-c,ctf-c,read-all,ctf-c-06,navigate,nl,True,True,2689,0.2,read 17 file(s)
ctf-c,ctf-c,rg,ctf-c-06,navigate,nl,False,False,,4.0,no-match
ctf-c,ctf-c,sifs,ctf-c-06,navigate,nl,True,True,190,6.3,ok
ctf-c,ctf-c,read-all,ctf-c-kw1,locate-vuln,keyword,True,True,2689,0.2,read 17 file(s)
ctf-c,ctf-c,rg,ctf-c-kw1,locate-vuln,keyword,True,True,77,4.2,ok
ctf-c,ctf-c,sifs,ctf-c-kw1,locate-vuln,keyword,True,True,237,5.6,ok
ctf-c,ctf-c,read-all,ctf-c-kw2,locate-vuln,keyword,True,True,2689,0.2,read 17 file(s)
ctf-c,ctf-c,rg,ctf-c-kw2,locate-vuln,keyword,True,True,81,4.9,ok
ctf-c,ctf-c,sifs,ctf-c-kw2,locate-vuln,keyword,True,True,411,5.9,ok
ctf-c,ctf-c,read-all,ctf-c-kw3,navigate,keyword,True,True,2689,0.2,read 17 file(s)
ctf-c,ctf-c,rg,ctf-c-kw3,navigate,keyword,False,True,207,4.2,ok
ctf-c,ctf-c,sifs,ctf-c-kw3,navigate,keyword,True,True,20,3.4,ok
synthetic,synthetic-10k,read-all,synth-retry-backoff,navigate,nl,True,True,5971065,81.4,read 10496 file(s)
synthetic,synthetic-10k,rg,synth-retry-backoff,navigate,nl,False,False,,21.7,no-match
synthetic,synthetic-10k,sifs,synth-retry-backoff,navigate,nl,True,True,527,1818.1,ok
synthetic,synthetic-10k,read-all,synth-retry-backoff-kw,navigate,keyword,True,True,5971065,90.7,read 10496 file(s)
synthetic,synthetic-10k,rg,synth-retry-backoff-kw,navigate,keyword,True,True,98,19.0,ok
synthetic,synthetic-10k,sifs,synth-retry-backoff-kw,navigate,keyword,True,True,527,1906.9,ok
synthetic,synthetic-10k,read-all,synth-quota-limit,navigate,nl,True,True,5971065,113.8,read 10496 file(s)
synthetic,synthetic-10k,rg,synth-quota-limit,navigate,nl,False,False,,22.6,no-match
synthetic,synthetic-10k,sifs,synth-quota-limit,navigate,nl,True,True,521,1842.2,ok
synthetic,synthetic-10k,read-all,synth-quota-limit-kw,navigate,keyword,True,True,5971065,85.9,read 10496 file(s)
synthetic,synthetic-10k,rg,synth-quota-limit-kw,navigate,keyword,True,True,94,18.9,ok
synthetic,synthetic-10k,sifs,synth-quota-limit-kw,navigate,keyword,True,True,521,1879.2,ok
synthetic,synthetic-10k,read-all,synth-token-refresh,navigate,nl,True,True,5971065,115.1,read 10496 file(s)
synthetic,synthetic-10k,rg,synth-token-refresh,navigate,nl,False,False,,22.6,no-match
synthetic,synthetic-10k,sifs,synth-token-refresh,navigate,nl,True,True,517,1795.2,ok
synthetic,synthetic-10k,read-all,synth-token-refresh-kw,navigate,keyword,True,True,5971065,111.9,read 10496 file(s)
synthetic,synthetic-10k,rg,synth-token-refresh-kw,navigate,keyword,True,True,94,22.1,ok
synthetic,synthetic-10k,sifs,synth-token-refresh-kw,navigate,keyword,True,True,517,1777.2,ok
synthetic,synthetic-10k,read-all,synth-ledger-prune,navigate,nl,True,True,5971065,113.3,read 10496 file(s)
synthetic,synthetic-10k,rg,synth-ledger-prune,navigate,nl,False,False,,22.7,no-match
synthetic,synthetic-10k,sifs,synth-ledger-prune,navigate,nl,True,True,487,1866.9,ok
synthetic,synthetic-10k,read-all,synth-ledger-prune-kw,navigate,keyword,True,True,5971065,115.7,read 10496 file(s)
synthetic,synthetic-10k,rg,synth-ledger-prune-kw,navigate,keyword,True,True,94,20.8,ok
synthetic,synthetic-10k,sifs,synth-ledger-prune-kw,navigate,keyword,True,True,487,1842.6,ok
synthetic,synthetic-10k,read-all,synth-schedule-shift,navigate,nl,True,True,5971065,80.2,read 10496 file(s)
synthetic,synthetic-10k,rg,synth-schedule-shift,navigate,nl,False,False,,19.3,no-match
synthetic,synthetic-10k,sifs,synth-schedule-shift,navigate,nl,True,True,482,1793.2,ok
synthetic,synthetic-10k,read-all,synth-schedule-shift-kw,navigate,keyword,True,True,5971065,114.1,read 10496 file(s)
synthetic,synthetic-10k,rg,synth-schedule-shift-kw,navigate,keyword,True,True,95,21.0,ok
synthetic,synthetic-10k,sifs,synth-schedule-shift-kw,navigate,keyword,True,True,482,1872.5,ok
synthetic,synthetic-10k,read-all,synth-archive-pack,navigate,nl,True,True,5971065,112.2,read 10496 file(s)
synthetic,synthetic-10k,rg,synth-archive-pack,navigate,nl,False,False,,18.0,no-match
synthetic,synthetic-10k,sifs,synth-archive-pack,navigate,nl,True,True,501,1746.6,ok
synthetic,synthetic-10k,read-all,synth-archive-pack-kw,navigate,keyword,True,True,5971065,112.9,read 10496 file(s)
synthetic,synthetic-10k,rg,synth-archive-pack-kw,navigate,keyword,True,True,92,21.4,ok
synthetic,synthetic-10k,sifs,synth-archive-pack-kw,navigate,keyword,True,True,501,1834.2,ok
synthetic,synthetic-10k,read-all,synth-rate-shed,navigate,nl,True,True,5971065,112.7,read 10496 file(s)
synthetic,synthetic-10k,rg,synth-rate-shed,navigate,nl,False,False,,21.5,no-match
synthetic,synthetic-10k,sifs,synth-rate-shed,navigate,nl,True,True,516,1761.8,ok
synthetic,synthetic-10k,read-all,synth-rate-shed-kw,navigate,keyword,True,True,5971065,82.3,read 10496 file(s)
synthetic,synthetic-10k,rg,synth-rate-shed-kw,navigate,keyword,True,True,93,21.2,ok
synthetic,synthetic-10k,sifs,synth-rate-shed-kw,navigate,keyword,True,True,516,1850.5,ok
synthetic,synthetic-10k,read-all,synth-rotation-window,navigate,nl,True,True,5971065,116.1,read 10496 file(s)
synthetic,synthetic-10k,rg,synth-rotation-window,navigate,nl,False,False,,20.0,no-match
synthetic,synthetic-10k,sifs,synth-rotation-window,navigate,nl,True,True,517,1772.5,ok
synthetic,synthetic-10k,read-all,synth-rotation-window-kw,navigate,keyword,True,True,5971065,82.9,read 10496 file(s)
synthetic,synthetic-10k,rg,synth-rotation-window-kw,navigate,keyword,True,True,96,19.2,ok
synthetic,synthetic-10k,sifs,synth-rotation-window-kw,navigate,keyword,True,True,517,1800.9,ok
